Country,country
ABW,ARUBA
AFG,AFGHANISTAN
AGO,ANGOLA
AIA,ANGUILLA
ALA,ALAND ISLANDS
ALB,ALBANIA
AND,ANDORRA
ARE,UNITED ARAB EMIRATES
ARG,ARGENTINA
ARM,ARMENIA
ASM,AMERICAN SAMOA
ATA,ANTARCTICA
ATF,FRENCH SOUTHERN TERRITORIES
ATG,ANTIGUA AND BARBUDA
AUS,AUSTRALIA
AUT,AUSTRIA
AZE,AZERBAIJAN
BDI,BURUNDI
BEL,BELGIUM
BEN,BENIN
BES,"BONAIRE, SINT EUSTATIUS AND SABA"
BFA,BURKINA FASO
BGD,BANGLADESH
BGR,BULGARIA
BHR,BAHRAIN
BHS,BAHAMAS
BIH,BOSNIA AND HERZEGOVINA
BLM,SAINT BARTHELEMY
BLR,BELARUS
BLZ,BELIZE
BMU,BERMUDA
BOL,BOLIVIA
BRA,BRAZIL
BRB,BARBADOS
BRN,BRUNEI
BTN,BHUTAN
BVT,BOUVET ISLAND
BWA,BOTSWANA
CAF,CENTRAL AFRICAN REPUBLIC
CAN,CANADA
CCK,COCOS (KEELING) ISLANDS
CHE,SWITZERLAND
CHL,CHILE
CHN,CHINA
CIV,COTE D'IVOIRE
CMR,CAMEROON
COD,"CONGO, THE DEMOCRATIC REPUBLIC OF"
COG,CONGO
COK,COOK ISLANDS
COL,COLOMBIA
COM,COMOROS
CPV,CAPE VERDE
CRI,COSTA RICA
CUB,CUBA
CUW,CURACAO
CXR,CHRISTMAS ISLAND
CYM,CAYMAN ISLANDS
CYP,CYPRUS
CZE,CZECH REPUBLIC
DEU,GERMANY
DJI,DJIBOUTI
DMA,DOMINICA
DNK,DENMARK
DOM,DOMINICAN REPUBLIC
DZA,ALGERIA
ECU,ECUADOR
EGY,EGYPT
ERI,ERITREA
ESH,WESTERN SAHARA
ESP,SPAIN
EST,ESTONIA
ETH,ETHIOPIA
FIN,FINLAND
FJI,FIJI
FLK,FALKLAND ISLANDS
FRA,FRANCE
FRO,FAROE ISLANDS
FSM,"MICRONESIA, FEDERATED STATES OF"
GAB,GABON
GBR,UNITED KINGDOM
GEO,GEORGIA
GGY,GUERNSEY
GHA,GHANA
GIB,GIBRALTAR
GIN,GUINEA
GLP,GUADELOUPE
GMB,GAMBIA
GNB,GUINEA-BISSAU
GNQ,EQUATORIAL GUINEA
GRC,GREECE
GRD,GRENADA
GRL,GREENLAND
GTM,GUATEMALA
GUF,FRENCH GUIANA
GUM,GUAM
GUY,GUYANA
HKG,HONG KONG
HMD,HEARD ISLAND AND MCDONALD ISLANDS
HND,HONDURAS
HRV,CROATIA
HTI,HAITI
HUN,HUNGARY
IDN,INDONESIA
IMN,ISLE OF MAN
IND,INDIA
IOT,BRITISH INDIAN OCEAN TERRITORY
IRL,IRELAND
IRN,IRAN
IRQ,IRAQ
ISL,ICELAND
ISR,ISRAEL
ITA,ITALY
JAM,JAMAICA
JEY,JERSEY
JOR,JORDAN
JPN,JAPAN
KAZ,KAZAKHSTAN
KEN,KENYA
KGZ,KYRGYZSTAN
KHM,CAMBODIA
KIR,KIRIBATI
KNA,SAINT KITTS AND NEVIS
KOR,"KOREA, REPUBLIC OF"
KWT,KUWAIT
LAO,LAO PEOPLE'S DEMOCRATIC REPUBLIC
LBN,LEBANON
LBR,LIBERIA
LBY,LIBYA
LCA,SAINT LUCIA
LIE,LIECHTENSTEIN
LKA,SRI LANKA
LSO,LESOTHO
LTU,LITHUANIA
LUX,LUXEMBOURG
LVA,LATVIA
MAC,MACAO
MAF,SAINT MARTIN (FRENCH PART)
MAR,MOROCCO
MCO,MONACO
MDA,"MOLDOVA, REPUBLIC OF"
MDG,MADAGASCAR
MDV,MALDIVES
MEX,MEXICO
MHL,MARSHALL ISLANDS
MKD,"MACEDONIA, THE FORMER YUGOSLAV REPUBLIC OF"
MLI,MALI
MLT,MALTA
MMR,MYANMAR
MNE,MONTENEGRO
MNG,MONGOLIA
MNP,NORTHERN MARIANA ISLANDS
MOZ,MOZAMBIQUE
MRT,MAURITANIA
MSR,MONTSERRAT
MTQ,MARTINIQUE
MUS,MAURITIUS
MWI,MALAWI
MYS,MALAYSIA
MYT,MAYOTTE
NAM,NAMIBIA
NCL,NEW CALEDONIA
NER,NIGER
NFK,NORFOLK ISLAND
NGA,NIGERIA
NIC,NICARAGUA
NIU,NIUE
NLD,NETHERLANDS
NOR,NORWAY
NPL,NEPAL
NRU,NAURU
NZL,NEW ZEALAND
OMN,OMAN
PAK,PAKISTAN
PAN,PANAMA
PCN,PITCAIRN
PER,PERU
PHL,PHILIPPINES
PLW,PALAU
PNG,PAPUA NEW GUINEA
POL,POLAND
PRI,PUERTO RICO
PRK,"KOREA, DEMOCRATIC PEOPLE'S REPUBLIC OF"
PRT,PORTUGAL
PRY,PARAGUAY
PSE,"PALESTINIAN TERRITORY, OCCUPIED"
PYF,FRENCH POLYNESIA
QAT,QATAR
REU,REUNION
ROU,ROMANIA
RUS,RUSSIAN FEDERATION
RWA,RWANDA
SAU,SAUDI ARABIA
SDN,SUDAN
SEN,SENEGAL
SGP,SINGAPORE
SGS,SOUTH GEORGIA AND THE SOUTH SANDWICH ISLANDS
SHN,SAINT HELENA
SJM,SVALBARD AND JAN MAYEN
SLB,SOLOMON ISLANDS
SLE,SIERRA LEONE
SLV,EL SALVADOR
SMR,SAN MARINO
SOM,SOMALIA
SPM,SAINT PIERRE AND MIQUELON
SRB,SERBIA
SSD,SOUTH SUDAN
STP,SAO TOME AND PRINCIPE
SUR,SURINAME
SVK,SLOVAKIA
SVN,SLOVENIA
SWE,SWEDEN
SWZ,SWAZILAND
SXM,SINT MAARTEN (DUTCH PART)
SYC,SEYCHELLES
SYR,SYRIAN ARAB REPUBLIC
TCA,TURKS AND CAICOS ISLANDS
TCD,CHAD
TGO,TOGO
THA,THAILAND
TJK,TAJIKISTAN
TKL,TOKELAU
TKM,TURKMENISTAN
TLS,TIMOR-LESTE
TON,TONGA
TTO,TRINIDAD AND TOBAGO
TUN,TUNISIA
TUR,TURKEY
TUV,TUVALU
TWN,TAIWAN
TZA,"TANZANIA, UNITED REPUBLIC OF"
UGA,UGANDA
UKR,UKRAINE
UMI,UNITED STATES MINOR OUTLYING ISLANDS
URY,URUGUAY
USA,UNITED STATES
UZB,UZBEKISTAN
VAT,VATICAN CITY STATE
VCT,SAINT VINCENT AND THE GRENADINES
VEN,VENEZUELA
VGB,"VIRGIN ISLANDS, BRITISH"
VIR,"VIRGIN ISLANDS, U.S."
VNM,VIET NAM
VUT,VANUATU
WLF,WALLIS AND FUTUNA
WSM,SAMOA
YEM,YEMEN
ZAF,SOUTH AFRICA
ZMB,ZAMBIA
ZWE,ZIMBABWE
